{"cameraMode":{"drawMode":0,"name":"Shaded","section":"Shading Mode"},"sceneLighting":true,"audioPlay":false,"sceneViewState":{"showFog":true,"showMaterialUpdate":false,"showSkybox":true,"showFlares":true,"showImageEffects":true,"showParticleSystems":true},"in2DMode":false,"pivot":{"x":1.2806472778320313,"y":-2.3251214027404787,"z":6.316464424133301},"rotation":{"x":-0.12786810100078584,"y":-0.05357475206255913,"z":0.00685162702575326,"w":-0.9903540015220642},"size":17.525846481323243,"orthographic":false}